fame,segment,name_ko,stock_code,market,sector,group,homepage,ceo,listed,done,note
high,listed,삼성전자,005930,KOSPI,통신 및 방송 장비 제조업,삼성,http://www.samsung.com/sec,"전영현, 노태문",1975-06-11,Y,
high,listed,SK하이닉스,000660,KOSPI,반도체 제조업,SK,http://www.skhynix.com,곽노정,1996-12-26,Y,
high,listed,SK스퀘어,402340,KOSPI,기타 금융업,SK,http://www.sksquare.com,김정규,2021-11-29,,
high,listed,삼성전기,009150,KOSPI,전자부품 제조업,삼성,http://www.sem.samsung.co.kr,장덕현,1979-02-27,Y,
high,listed,현대차,005380,KOSPI,자동차용 엔진 및 자동차 제조업,현대차,http://www.hyundai.com,"정의선, 무뇨스 바르셀로 호세 안토니오, 최영일(각자 대표이사)",1974-06-28,Y,
high,listed,LG에너지솔루션,373220,KOSPI,일차전지 및 이차전지 제조업,LG,,김동명,2022-01-27,Y,
high,listed,삼성생명,032830,KOSPI,보험업,삼성,http://www.samsunglife.com,홍원학,2010-05-12,Y,
high,listed,삼성물산,028260,KOSPI,기타 전문 도매업,삼성,http://www.samsungcnt.com,"오세철, 이재언, 송규종",2014-12-18,,
high,listed,HD현대중공업,329180,KOSPI,선박 및 보트 건조업,HD현대,http://www.hhi.co.kr,"이상균, 금석호 (각자 대표이사)",2021-09-17,,
high,listed,기아,000270,KOSPI,자동차용 엔진 및 자동차 제조업,현대차,http://www.kia.co.kr,송호성,1973-07-21,Y,
high,listed,삼성바이오로직스,207940,KOSPI,기초 의약물질 제조업,삼성,http://www.samsungbiologics.com,임존종보 (Rim John Chongbo),2016-11-10,,
high,listed,두산에너빌리티,034020,KOSPI,일반 목적용 기계 제조업,두산,https://www.doosanenerbility.com/kr,"박지원, 정연인, 박상현",2000-10-25,Y,
high,listed,KB금융,105560,KOSPI,기타 금융업,KB금융,http://www.kbfg.com,양종희,2008-10-10,Y,
high,listed,한화에어로스페이스,012450,KOSPI,"항공기,우주선 및 부품 제조업",한화,http://www.hanwhaaerospace.com,"김동관, 손재일",1987-05-27,Y,
high,listed,현대모비스,012330,KOSPI,자동차 신품 부품 제조업,현대차,http://www.mobis.com,"정의선, 이규석",1989-09-05,Y,
high,listed,신한지주,055550,KOSPI,기타 금융업,신한금융,http://www.shinhangroup.com,진옥동,2001-09-10,Y,
high,listed,삼성SDI,006400,KOSPI,일차전지 및 이차전지 제조업,삼성,http://www.samsungsdi.co.kr,최주선,1979-02-27,Y,
high,listed,SK,034730,KOSPI,기타 금융업,SK,http://www.sk-inc.com/,"최태원, 장용호",2009-11-11,,
high,listed,HD현대일렉트릭,267260,KOSPI,"전동기, 발전기 및 전기 변환 · 공급 · 제어 장치 제조업",HD현대,http://www.hd-hyundaielectric.com,김영기,2017-05-10,,
high,listed,NAVER,035420,KOSPI,"자료처리, 호스팅, 포털 및 기타 인터넷 정보매개 서비스업",네이버,http://www.navercorp.com,최수연,2008-11-28,Y,
high,listed,셀트리온,068270,KOSPI,기초 의약물질 제조업,,http://www.celltrion.com,"기우성, 서진석",2018-02-09,Y,
high,listed,LG전자,066570,KOSPI,통신 및 방송 장비 제조업,LG,http://www.lge.co.kr,류재철,2002-04-22,Y,
high,listed,한화오션,042660,KOSPI,선박 및 보트 건조업,한화,http://www.hanwhaocean.com/pub/main/index.do,김희철,2001-02-02,Y,
high,listed,한미반도체,042700,KOSPI,특수 목적용 기계 제조업,,http://www.hanmisemi.com,곽동신,2005-07-22,,
high,listed,LS ELECTRIC,010120,KOSPI,"전동기, 발전기 및 전기 변환 · 공급 · 제어 장치 제조업",LS,http://www.ls-electric.com,"구자균, 채대석",1994-07-11,,
high,listed,하나금융지주,086790,KOSPI,기타 금융업,하나금융,http://www.hanafn.com,함영주,2005-12-12,Y,
high,listed,효성중공업,298040,KOSPI,"전동기, 발전기 및 전기 변환 · 공급 · 제어 장치 제조업",효성,http://www.hyosungheavyindustries.com,우태희,2018-07-13,,
high,listed,두산,000150,KOSPI,전자부품 제조업,두산,http://www.doosancorp.co.kr,"박정원, 김민철, 유승우",1973-06-29,Y,
high,listed,POSCO홀딩스,005490,KOSPI,1차 철강 제조업,포스코,http://www.posco-inc.com,"대표이사 회장  장인화,
대표이사 사장  이주태",1988-06-10,Y,
high,listed,미래에셋증권,006800,KOSPI,금융 지원 서비스업,미래에셋,http://securities.miraeasset.com,"김미섭, 허선호",1975-09-30,Y,
high,listed,삼성화재,000810,KOSPI,보험업,삼성,http://www.samsungfire.com,이문화,1975-06-30,Y,
high,listed,HD한국조선해양,009540,KOSPI,기타 금융업,,http://www.ksoe.co.kr,"정기선, 김형관 (각자 대표이사)",1999-08-24,,
high,listed,고려아연,010130,KOSPI,1차 비철금속 제조업,,http://www.koreazinc.co.kr,박기덕,1990-07-28,,
high,listed,LG이노텍,011070,KOSPI,전자부품 제조업,LG,http://www.lginnotek.co.kr,문혁수,2008-07-24,Y,
high,listed,LG화학,051910,KOSPI,기초 화학물질 제조업,LG,http://www.lgchem.com,김동춘,2001-04-25,Y,
high,listed,한국전력,015760,KOSPI,전기업,,http://www.kepco.co.kr,김동철,1989-08-10,Y,
high,listed,삼성중공업,010140,KOSPI,선박 및 보트 건조업,삼성,http://www.samsungshi.com,최성안,1994-01-28,,
high,listed,우리금융지주,316140,KOSPI,기타 금융업,우리금융,http://www.woorifg.com/,임종룡,2019-02-13,Y,
high,listed,현대로템,064350,KOSPI,그외 기타 운송장비 제조업,,http://www.hyundai-rotem.co.kr,이용배,2013-10-30,Y,
high,listed,SK텔레콤,017670,KOSPI,전기 통신업,SK,http://www.sktelecom.com,정재헌,1989-11-07,Y,
high,listed,KT&G,033780,KOSPI,담배 제조업,KT,http://www.ktng.com,방경만,1999-10-08,Y,
high,listed,HD현대,267250,KOSPI,기타 금융업,HD현대,http://www.hd.com,"정기선, 조영철",2017-05-10,Y,
high,listed,HMM,011200,KOSPI,해상 운송업,,http://www.hmm21.com,최원혁,1995-10-05,Y,
high,listed,현대오토에버,307950,KOSPI,소프트웨어 개발 및 공급업,,http://www.hyundai-autoever.com,류석문,2019-03-28,Y,
high,listed,삼성에스디에스,018260,KOSPI,"컴퓨터 프로그래밍, 시스템 통합 및 관리업",삼성,http://www.samsungsds.com,이준희,2014-11-14,,
high,listed,카카오,035720,KOSPI,"자료처리, 호스팅, 포털 및 기타 인터넷 정보매개 서비스업",카카오,http://www.kakaocorp.com,정신아,2017-07-10,Y,
high,listed,한화시스템,272210,KOSPI,전자부품 제조업,한화,http://hanwhasystems.com,손재일,2019-11-13,,
high,listed,SK이노베이션,096770,KOSPI,석유 정제품 제조업,SK,http://www.SKinnovation.com,"추형욱, 장용호",2007-07-25,,
high,listed,포스코퓨처엠,003670,KOSPI,일차전지 및 이차전지 제조업,포스코,http://www.poscofuturem.com,엄기천,2019-05-29,,
high,listed,현대건설,000720,KOSPI,토목 건설업,,http://www.hdec.kr,이한우,1984-12-22,,
high,listed,기업은행,024110,KOSPI,은행 및 저축기관,,http://www.ibk.co.kr,장민영,2003-12-24,,
high,listed,LIG디펜스앤에어로스페이스,079550,KOSPI,무기 및 총포탄 제조업,,http://www.lignex1.com,신익현,2015-10-02,,
high,listed,LG,003550,KOSPI,기타 금융업,LG,http://www.lg.co.kr,"구광모, 권봉석",1970-02-13,,
high,listed,현대글로비스,086280,KOSPI,기타 운송관련 서비스업,,http://www.glovis.net,이규복,2005-12-26,,
high,listed,에이피알,278470,KOSPI,기타 화학제품 제조업,,http://apr-in.com,김병훈,2024-02-27,,
high,listed,KT,030200,KOSPI,전기 통신업,KT,http://www.kt.com,박윤영,1998-12-23,Y,
high,listed,한국항공우주,047810,KOSPI,"항공기,우주선 및 부품 제조업",,http://www.koreaaero.com,김종출,2011-06-30,,
high,listed,한국금융지주,071050,KOSPI,기타 금융업,,http://www.koreaholdings.com,김남구,2003-07-21,,
high,listed,S-OIL,010950,KOSPI,석유 정제품 제조업,사우디아람코,http://www.s-oil.com,Anwar A. Al-Hejazi (안와르 에이 알-히즈아지),1987-05-27,Y,에쓰오일·010950(private 중복 제거)
high,listed,LS,006260,KOSPI,기타 금융업,LS,http://www.lsholdings.co.kr,명노현,1977-06-30,,
high,listed,카카오뱅크,323410,KOSPI,은행 및 저축기관,카카오,,윤호영,2021-08-06,Y,
high,listed,NH투자증권,005940,KOSPI,금융 지원 서비스업,농협,http://www.nhqv.com,윤병운,1975-09-30,Y,수집:T3 위키미디어 SVG
high,listed,HD현대마린솔루션,443060,KOSPI,"건축기술, 엔지니어링 및 관련 기술 서비스업",HD현대,http://www.hd-marinesolution.com/,김성준,2024-05-08,,
high,listed,크래프톤,259960,KOSPI,소프트웨어 개발 및 공급업,,http://www.krafton.com,김창한,2021-08-10,Y,
high,listed,삼성증권,016360,KOSPI,금융 지원 서비스업,삼성,http://www.samsungpop.com,박종문,1988-03-28,,
high,listed,포스코인터내셔널,047050,KOSPI,상품 중개업,포스코,http://www.poscointl.com,대표이사 사장 이계인,2001-03-23,Y,수집:T1 헤더 SVG
high,listed,대한항공,003490,KOSPI,항공 여객 운송업,한진,http://www.koreanair.com,"조원태, 우기홍",1966-03-18,Y,
high,listed,DB손해보험,005830,KOSPI,보험업,DB,http://www.idbins.com,"김정남, 정종표",1973-06-28,,
high,listed,하이브,352820,KOSPI,오디오물 출판 및 원판 녹음업,,http://hybecorp.com,이재상,2020-10-15,,
high,listed,키움증권,039490,KOSPI,금융 지원 서비스업,다우키움,http://www.kiwoom.com,엄주성,2009-08-03,Y,needs-review:벡터 미가용
high,listed,삼성E&A,028050,KOSPI,"건축기술, 엔지니어링 및 관련 기술 서비스업",삼성,http://www.samsungena.com,남궁홍,1996-12-24,,
high,listed,LG씨엔에스,064400,KOSPI,"컴퓨터 프로그래밍, 시스템 통합 및 관리업",LG,http://www.lgcns.com,현신균,2025-02-05,,
high,listed,이수페타시스,007660,KOSPI,전자부품 제조업,,http://www.petasys.com,최창복,2003-10-07,,
high,listed,대우건설,047040,KOSPI,건물 건설업,,http://daewooenc.com,김보현,2001-03-23,,
high,listed,한국타이어앤테크놀로지,161390,KOSPI,고무제품 제조업,한국타이어,http://www.hankooktire.com,"안종선, 이상훈(공동대표이사)",2012-10-04,,
high,listed,삼양식품,003230,KOSPI,기타 식품 제조업,,http://www.samyangfoods.com,"김정수, 김동찬",1975-06-30,,
high,listed,한화,000880,KOSPI,기타 화학제품 제조업,한화,http://www.hanwhacorp.co.kr,"김동관, 류두형, 김우석",1976-06-24,,
high,listed,대덕전자,353200,KOSPI,전자부품 제조업,,http://www.daeduck.com,신영환,2020-05-21,,
high,listed,한진칼,180640,KOSPI,기타 금융업,한진,http://www.hanjinkal.co.kr,"조원태, 류경표",2013-09-16,,
high,listed,DB하이텍,000990,KOSPI,반도체 제조업,DB,http://www.dbhitek.co.kr,조기석,1975-12-12,,
mid,listed,대한전선,001440,KOSPI,절연선 및 케이블 제조업,,http://www.taihan.com,송종민,1968-12-27,,
mid,listed,두산로보틱스,454910,KOSPI,특수 목적용 기계 제조업,두산,http://www.doosanrobotics.com,"박인원, 김민표, 조길성",2023-10-05,,
mid,listed,산일전기,062040,KOSPI,"전동기, 발전기 및 전기 변환 · 공급 · 제어 장치 제조업",,http://www.sanil.co.kr,"박동석, 한익희 (공동대표)",2024-07-29,,
mid,listed,SKC,011790,KOSPI,기타 화학제품 제조업,SK,http://www.skc.kr,김종우,1997-07-18,Y,수집:T0 CI AI
mid,listed,LG디스플레이,034220,KOSPI,전자부품 제조업,LG,http://www.lgdisplay.com,정철동,2004-07-23,,
mid,listed,SK바이오팜,326030,KOSPI,자연과학 및 공학 연구개발업,SK,,이동훈,2020-07-02,,
mid,listed,HD건설기계,267270,KOSPI,특수 목적용 기계 제조업,,http://www.hd-hyundaice.com,문재영,2017-05-10,,
mid,listed,LG유플러스,032640,KOSPI,전기 통신업,LG,http://www.uplus.co.kr,홍범식,2008-04-21,Y,
mid,listed,GS,078930,KOSPI,기타 금융업,GS,,"허태수, 홍순기 (각자 대표이사)",2004-08-05,,
mid,listed,신세계,004170,KOSPI,종합 소매업,신세계,http://www.shinsegae.com,박주형,1985-08-19,,
mid,listed,아모레퍼시픽,090430,KOSPI,기타 화학제품 제조업,아모레퍼시픽,http://www.apgroup.com,"서경배, 김승환",2006-06-29,Y,
mid,listed,한화솔루션,009830,KOSPI,기초 화학물질 제조업,한화,http://hcc.hanwha.co.kr,"박승덕, 남정운, 김동관",1974-06-19,,
mid,listed,코웨이,021240,KOSPI,그외 기타 개인 서비스업,,http://company.coway.com,서장원,2001-08-07,,
mid,listed,두산밥캣,241560,KOSPI,특수 목적용 기계 제조업,두산,http://www.doosanbobcat.com,"스캇성철박, 조덕제",2016-11-18,,
mid,listed,유한양행,000100,KOSPI,의약품 제조업,,http://www.yuhan.co.kr,대표이사 조욱제,1962-11-01,,
mid,listed,카카오페이,377300,KOSPI,금융 지원 서비스업,카카오,http://www.kakaopay.com,신원근,2021-11-03,,
mid,listed,삼성카드,029780,KOSPI,기타 금융업,삼성,http://www.samsungcard.co.kr,김이태,2007-06-27,,
mid,listed,한전기술,052690,KOSPI,"건축기술, 엔지니어링 및 관련 기술 서비스업",,http://www.kepco-enc.com,김태균,2009-12-14,,
mid,listed,NC,036570,KOSPI,소프트웨어 개발 및 공급업,,http://www.nc.com,"김택진, 박병무 (공동대표이사)",2003-05-22,,
mid,listed,OCI홀딩스,010060,KOSPI,기타 금융업,,http://www.oci-holdings.co.kr,"이우현, 이수미(2인, 각자 대표이사)",1985-07-09,,
mid,listed,롯데쇼핑,023530,KOSPI,종합 소매업,롯데,http://www.lotteshoppingir.com/,"신동빈, 정현석, 차우철, 임재철",2006-02-09,Y,
mid,listed,엘앤에프,066970,KOSPI,일차전지 및 이차전지 제조업,,http://www.landf.co.kr/,허제홍,2024-01-29,,
mid,listed,오리온,271560,KOSPI,기타 식품 제조업,,http://www.orionworld.com,이승준,2017-07-07,,
mid,listed,맥쿼리인프라,088980,KOSPI,신탁업 및 집합투자업,,http://www.macquarie.com/kr/kr/mkif/index.html,맥쿼리자산운용(주),2006-03-15,,
mid,listed,한미약품,128940,KOSPI,의약품 제조업,,,황상연,2010-07-30,,
mid,listed,CJ,001040,KOSPI,기타 금융업,CJ,http://www.cj.net,"손경식, 김홍기",1973-06-29,,
mid,listed,JB금융지주,175330,KOSPI,기타 금융업,,http://www.jbfg.com,김기홍,2013-07-18,,
mid,listed,한온시스템,018880,KOSPI,일반 목적용 기계 제조업,,http://www.hanonsystems.com,대표이사 이수일,1996-07-31,,
mid,listed,두산퓨얼셀,336260,KOSPI,"전동기, 발전기 및 전기 변환 · 공급 · 제어 장치 제조업",두산,http://www.doosanfuelcell.com,"이두순, 윤재동 (각자 대표이사)",2019-10-18,,
mid,listed,현대제철,004020,KOSPI,1차 철강 제조업,,http://www.hyundai-steel.com,이보룡,1987-05-23,,
mid,listed,한화엔진,082740,KOSPI,일반 목적용 기계 제조업,한화,http://www.hanwha-engine.com,김종서,2011-01-04,,
mid,listed,KCC,002380,KOSPI,기타 화학제품 제조업,,http://www.kccworld.co.kr,"정몽진, 정재훈",1973-06-25,,
mid,listed,한화생명,088350,KOSPI,보험업,한화,http://www.hanwhalife.com,"권혁웅, 이경근",2010-03-17,,
mid,listed,포스코DX,022100,KOSPI,"건축기술, 엔지니어링 및 관련 기술 서비스업",포스코,http://www.poscodx.com/kor/,심민석,2024-01-02,,
mid,listed,가온전선,000500,KOSPI,절연선 및 케이블 제조업,,http://www.gaoncable.com,정 현,1987-06-08,,
mid,listed,에코프로머티,450080,KOSPI,일차전지 및 이차전지 제조업,,http://ecopromaterials.com/,이규봉,2023-11-17,,
mid,listed,일진전기,103590,KOSPI,절연선 및 케이블 제조업,,,유상석(단독 대표이사),2008-08-01,,
mid,listed,미래에셋생명,085620,KOSPI,보험업,미래에셋,http://life.miraeasset.com,"김재식, 황문규",2015-07-08,,
mid,listed,현대백화점,069960,KOSPI,종합 소매업,,http://home.e-hyundai.com,"정지선, 정지영 (각자대표)",2002-11-25,,
mid,listed,한화비전,489790,KOSPI,통신 및 방송 장비 제조업,한화,http://www.hanwhavision.com,김기철,2024-09-27,,
mid,listed,LG생활건강,051900,KOSPI,기타 화학제품 제조업,LG,http://www.lghnh.com,이선주,2001-04-25,,
mid,listed,영원무역,111770,KOSPI,상품 종합 도매업,,,성기학,2009-07-30,,
mid,listed,더존비즈온,012510,KOSPI,"컴퓨터 프로그래밍, 시스템 통합 및 관리업",,http://www.douzone.com,"- 이강수
- 지용구",1988-10-28,,
mid,listed,넷마블,251270,KOSPI,소프트웨어 개발 및 공급업,,http://company.netmarble.com,김병규,2017-05-12,,
mid,listed,에스원,012750,KOSPI,"경비, 경호 및 탐정업",,http://www.s1.co.kr,"정해린, 하나오카 타쿠로",1996-01-30,,
mid,listed,강원랜드,035250,KOSPI,유원지 및 기타 오락관련 서비스업,,http://kangwonland.high1.com,남한규,2003-09-04,,
mid,listed,현대해상,001450,KOSPI,보험업,,http://www.hi.co.kr,이석현,1989-08-25,,
mid,listed,한국가스공사,036460,KOSPI,연료용 가스 제조 및 배관공급업,,http://www.kogas.or.kr,최연혜,1999-12-15,,
mid,listed,F&F,383220,KOSPI,봉제의복 제조업,,http://www.fnf.co.kr,김창수,2021-05-21,,
mid,listed,롯데케미칼,011170,KOSPI,기초 화학물질 제조업,롯데,http://www.lottechem.com,"신동빈, 이영준, 주우현",1991-05-30,,
mid,listed,서울보증보험,031210,KOSPI,보험업,,http://www.sgic.co.kr,이명순,2025-03-14,,
mid,listed,코리아써키트,007810,KOSPI,전자부품 제조업,,http://www.kcg.co.kr,장세준,1985-09-09,,
mid,listed,한솔케미칼,014680,KOSPI,기초 화학물질 제조업,,http://www.hansolchemical.com,한장안,1989-05-20,,
mid,listed,에스엘,005850,KOSPI,자동차 신품 부품 제조업,,http://www.slworld.com,"이성엽,정문호",1988-11-08,,
mid,listed,현대엘리베이터,017800,KOSPI,일반 목적용 기계 제조업,,http://www.hyundaielevator.co.kr,조재천,1996-07-03,,
mid,listed,금호석유화학,011780,KOSPI,기초 화학물질 제조업,금호아시아나,http://www.kkpc.com,백종훈,1988-01-22,,
mid,listed,SK바이오사이언스,302440,KOSPI,기초 의약물질 제조업,SK,http://www.skbioscience.com,안재용,2021-03-18,,
mid,listed,신영증권,001720,KOSPI,금융 지원 서비스업,,http://www.shinyoung.com,금정호,1987-08-24,,
mid,listed,HL만도,204320,KOSPI,자동차 신품 부품 제조업,,http://www.mando.com,조성현,2014-10-06,,
mid,listed,효성,004800,KOSPI,기타 금융업,효성,http://www.hyosung.com,"조현준, 황윤언",1973-06-30,,
mid,listed,CJ제일제당,097950,KOSPI,기타 식품 제조업,CJ,http://www.cj.co.kr,"손경식,윤석환(각자 대표이사)",2007-09-28,Y,
mid,listed,롯데에너지머티리얼즈,020150,KOSPI,전자부품 제조업,롯데,http://www.lotteenergymaterials.com,김연섭,2011-03-04,,
mid,listed,한전KPS,051600,KOSPI,전기 및 통신 공사업,,http://www.kps.co.kr,김홍연,2007-12-14,,
mid,listed,DL이앤씨,375500,KOSPI,토목 건설업,DL,,박상신,2021-01-25,,
mid,listed,iM금융지주,139130,KOSPI,기타 금융업,,http://www.imfngroup.com,황병우,2011-06-07,,
mid,listed,팬오션,028670,KOSPI,해상 운송업,하림,http://www.panocean.com,"김홍국, 안중호(각자 대표이사)",2007-09-21,Y,하림그룹 계열(2015 인수)
mid,listed,한올바이오파마,009420,KOSPI,의약품 제조업,,http://www.hanall.co.kr,"박수진,박승국(공동대표이사)",1989-12-18,,
mid,listed,케이뱅크,279570,KOSPI,은행 및 저축기관,,http://www.kbanknow.com,최우형,2026-03-05,,
mid,listed,롯데지주,004990,KOSPI,기타 금융업,롯데,http://www.lotte.co.kr,"신동빈, 고정욱, 노준형",1974-02-16,,
mid,listed,SK네트웍스,001740,KOSPI,기타 전문 도매업,SK,http://www.sknetworks.co.kr,이호정,1977-06-30,,
mid,listed,한국앤컴퍼니,000240,KOSPI,기타 금융업,,http://www.hankook-technologygroup.com,"박종호, 김준현(2인, 각자 대표이사)",1968-12-27,,
mid,listed,동서,026960,KOSPI,음·식료품 및 담배 도매업,,http://www.dongsuh.com,"윤세철, 김종희 (공동대표이사)",2016-07-15,,
mid,listed,이수스페셜티케미컬,457190,KOSPI,기초 화학물질 제조업,,http://www.isuspecialtychemical.com,류승호,2023-05-31,,
mid,listed,GS건설,006360,KOSPI,건물 건설업,GS,http://www.gsenc.com,"허윤홍, 김태진(각자 대표이사)",1981-08-03,,
mid,listed,이마트,139480,KOSPI,종합 소매업,신세계,http://emartcompany.com/ko/main.do,한채양,2011-06-10,Y,
mid,listed,영원무역홀딩스,009970,KOSPI,기타 금융업,,,성래은,1988-11-07,,
mid,listed,달바글로벌,483650,KOSPI,기타 화학제품 제조업,,http://dalbaglobal.com,반성연,2025-05-22,,
mid,listed,코리안리,003690,KOSPI,재 보험업,,http://www.koreanre.co.kr,원종규,1969-12-22,,
mid,listed,DN오토모티브,007340,KOSPI,일차전지 및 이차전지 제조업,,http://www.dnautomotive.com,김상헌 김인환,1988-09-24,,
mid,listed,대한조선,439260,KOSPI,선박 및 보트 건조업,,http://www.daehanship.com,"왕삼동, 이석문",2025-08-01,,
mid,listed,제일기획,030000,KOSPI,광고업,,http://www.cheil.co.kr,김종현,1998-03-03,,
mid,listed,농심,004370,KOSPI,기타 식품 제조업,,http://www.nongshim.com,조용철,1976-06-30,Y,
mid,listed,미스토홀딩스,081660,KOSPI,생활용품 도매업,,http://www.mistoholdings.com,윤근창,2010-09-28,,
mid,listed,HD현대마린엔진,071970,KOSPI,일반 목적용 기계 제조업,HD현대,http://www.hd-marineengine.com,유정대,2009-05-15,,
mid,listed,BGF리테일,282330,KOSPI,종합 소매업,,http://www.bgfretail.com,민승배,2017-12-08,,
mid,listed,코오롱인더,120110,KOSPI,화학섬유 제조업,코오롱,http://www.kolonindustries.com/,"허성, 김민태",2010-02-01,,
mid,listed,호텔신라,008770,KOSPI,기타 상품 전문 소매업,,http://www.hotelshilla.net,이부진,1991-03-12,,
mid,listed,현대지에프홀딩스,005440,KOSPI,기타 금융업,,https://www.hyundaigfholdings.co.kr/web/html/ko/CI/CI.html,"정지선, 장호진 (각자 대표이사)",1989-08-22,,
mid,listed,현대위아,011210,KOSPI,자동차 신품 부품 제조업,,http://www.hyundai-wia.com,권오성,2011-02-21,,
mid,listed,풍산,103140,KOSPI,1차 비철금속 제조업,,http://www.poongsan.co.kr,"류진, 박우동",2008-07-30,,
mid,listed,한미사이언스,008930,KOSPI,기타 금융업,,http://www.hanmiscience.co.kr,김재교,1988-06-20,,
mid,listed,SK가스,018670,KOSPI,기타 전문 도매업,SK,http://www.skgas.co.kr/,윤병석,1997-08-27,,
mid,listed,GS리테일,007070,KOSPI,종합 소매업,GS,http://www.gsretail.com,허서홍,2011-12-23,,
mid,listed,한국콜마,161890,KOSPI,기타 화학제품 제조업,,https://www.kolmar.co.kr/,최현규,2012-10-19,,
mid,listed,후성,093370,KOSPI,기초 화학물질 제조업,,http://www.foosungchem.com,김용민,2006-12-22,,
mid,listed,HJ중공업,097230,KOSPI,토목 건설업,,http://www.hjsc.co.kr,"송경한, 유상철",2007-08-31,,
mid,listed,코스맥스,192820,KOSPI,기타 화학제품 제조업,,http://www.cosmax.com,"최경, 이병만",2014-04-07,,
mid,listed,CJ대한통운,000120,KOSPI,도로 화물 운송업,CJ,http://www.cjlogistics.com,"신영수, 민영학 (각자 대표)",1956-07-02,,
mid,listed,LS에코에너지,229640,KOSPI,기타 금융업,LS,http://www.lsecoenergy.com,이상호,2016-09-22,,
mid,listed,시프트업,462870,KOSPI,소프트웨어 개발 및 공급업,,http://shiftup.co.kr,김형태,2024-07-11,,
mid,listed,아모레퍼시픽홀딩스,002790,KOSPI,기타 화학제품 제조업,아모레퍼시픽,http://www.apgroup.com,"서경배, 이상목",1973-04-30,,
mid,listed,씨에스윈드,112610,KOSPI,"구조용 금속제품, 탱크 및 증기발생기 제조업",,http://www.cswind.com,방성훈,2014-11-27,,
mid,listed,케이씨텍,281820,KOSPI,"측정, 시험, 항해, 제어 및 기타 정밀기기 제조업; 광학기기 제외",,http://www.kctech.co.kr,"양호근, 최동규 (각자 대표이사)",2017-12-05,,
mid,listed,세아베스틸지주,001430,KOSPI,1차 철강 제조업,,http://www.seahbesteel.co.kr,"이태성, 김수호",1991-03-12,,
mid,listed,다우기술,023590,KOSPI,"자료처리, 호스팅, 포털 및 기타 인터넷 정보매개 서비스업",,http://www.daou.co.kr,김윤덕,1997-08-27,,
mid,listed,HD현대에너지솔루션,322000,KOSPI,반도체 제조업,HD현대,http://www.hd-hyundaies.co.kr,박종환,2019-11-19,,
mid,listed,한국카본,017960,KOSPI,"구조용 금속제품, 탱크 및 증기발생기 제조업",,http://www.hcarbon.com,"조문수, 조연호 (2인, 각자대표이사)",1995-07-08,,
mid,listed,오리온홀딩스,001800,KOSPI,기타 금융업,,http://www.oriongroup.co.kr,허인철,1975-06-27,,
mid,listed,LX인터내셔널,001120,KOSPI,상품 중개업,,http://www.lxinternational.com,구혁서,1976-01-30,,
mid,listed,SK아이이테크놀로지,361610,KOSPI,일차전지 및 이차전지 제조업,SK,http://www.skietechnology.com/,이상민,2021-05-11,,
mid,listed,더블유게임즈,192080,KOSPI,소프트웨어 개발 및 공급업,,http://www.doubleugames.com,김가람,2019-03-12,,
mid,listed,코스모신소재,005070,KOSPI,기타 화학제품 제조업,,http://www.cosmoamt.com,홍동환,1987-09-28,,
mid,listed,동원산업,006040,KOSPI,기타 금융업,,http://www.dongwon.com,"김세훈, 박상진, 장인성",1989-03-07,,
mid,listed,녹십자,006280,KOSPI,의약품 제조업,,http://www.gcbiopharma.com,허은철,1989-08-01,,
mid,listed,SK이터닉스,475150,KOSPI,건물 건설업,SK,http://www.sketernix.com,김해중,2024-03-29,,
mid,listed,대신증권,003540,KOSPI,금융 지원 서비스업,,http://www.daishin.com,진승욱,1975-10-01,,
mid,listed,아시아나항공,020560,KOSPI,항공 여객 운송업,,http://www.flyasiana.com,송보영,2008-03-28,,
mid,listed,효성티앤씨,298020,KOSPI,화학섬유 제조업,효성,http://www.hyosungtnc.com,"이창황, 유영환",2018-07-13,Y,수집:T1 CSS-bg SVG
high,listed,알테오젠,196170,KOSDAQ,자연과학 및 공학 연구개발업,,http://www.alteogen.com,전태연,2014-12-12,,
high,listed,에코프로비엠,247540,KOSDAQ,일차전지 및 이차전지 제조업,,http://www.ecoprobm.co.kr,"각자 대표이사 최문호, 김장우",2019-03-05,,
high,listed,에코프로,086520,KOSDAQ,기타 금융업,,http://www.ecopro.co.kr,송호준,2007-07-20,,
high,listed,레인보우로보틱스,277810,KOSDAQ,특수 목적용 기계 제조업,,http://www.rainbow-robotics.com/new/index_ko.php,이정호,2021-02-03,,
high,listed,주성엔지니어링,036930,KOSDAQ,특수 목적용 기계 제조업,,http://www.jseng.com,"황철주, 황은석(각자대표이사)",1999-12-24,,
high,listed,원익IPS,240810,KOSDAQ,특수 목적용 기계 제조업,,http://www.ips.co.kr,Tae Hyuk Ahn,2016-05-02,,
high,listed,코오롱티슈진,950160,KOSDAQ,기초 의약물질 제조업,코오롱,http://tissuegene.com,"노문종, 전승호",2017-11-06,,
high,listed,리노공업,058470,KOSDAQ,전자부품 제조업,,http://leeno.com/kr,이채윤,2001-12-18,Y,
high,listed,이오테크닉스,039030,KOSDAQ,특수 목적용 기계 제조업,,http://www.eotechnics.com,"성규동,박종구(각자대표이사)",2000-08-24,,
high,listed,HLB,028300,KOSDAQ,의료용품 및 기타 의약 관련제품 제조업,,http://hlbbio.co.kr,김홍철,1996-07-27,,
high,listed,삼천당제약,000250,KOSDAQ,의약품 제조업,,http://www.scd.co.kr,전인석,2000-10-04,,
high,listed,HPSP,403870,KOSDAQ,특수 목적용 기계 제조업,,http://www.thehpsp.com/,이춘흥,2022-07-15,,
high,listed,펩트론,087010,KOSDAQ,기초 의약물질 제조업,,http://www.peptron.co.kr,최호일,2015-07-22,,
high,listed,에이비엘바이오,298380,KOSDAQ,기초 의약물질 제조업,,http://www.ablbio.com,이상훈,2018-12-19,,
high,listed,파두,440110,KOSDAQ,반도체 제조업,,http://www.fadu.io/,남이현,2023-08-07,Y,
high,listed,피에스케이,319660,KOSDAQ,특수 목적용 기계 제조업,,http://www.pskinc.com,"이경일, 하형찬 각자대표",2019-05-10,,
high,listed,ISC,095340,KOSDAQ,기계장비 및 관련 물품 도매업,,http://isc21.kr,김정렬 (단독 대표이사),2007-10-01,,
high,listed,심텍,222800,KOSDAQ,전자부품 제조업,,http://www.simmtech.co.kr,"전영선, 김영구",2015-08-07,,
high,listed,로보티즈,108490,KOSDAQ,특수 목적용 기계 제조업,,,김병수,2018-10-26,,
high,listed,리가켐바이오,141080,KOSDAQ,자연과학 및 공학 연구개발업,,http://www.ligachembio.com,박세진,2013-05-10,,
high,listed,서진시스템,178320,KOSDAQ,기타 전기장비 제조업,,http://seojinsystem.net,전동규,2017-03-27,,
high,listed,유진테크,084370,KOSDAQ,특수 목적용 기계 제조업,,http://www.eugenetech.co.kr,"엄평용, 신승우 (각자 대표이사)",2006-01-17,,
high,listed,현대무벡스,319400,KOSDAQ,일반 목적용 기계 제조업,,http://www.hyundaimovex.com/,도익한,2019-05-08,,
high,listed,케어젠,214370,KOSDAQ,기초 의약물질 제조업,,http://caregen.co.kr,정용지,2015-11-17,,
high,listed,디앤디파마텍,347850,KOSDAQ,자연과학 및 공학 연구개발업,,http://www.ddpharmatech.com,이슬기,2024-05-02,,
high,listed,보로노이,310210,KOSDAQ,자연과학 및 공학 연구개발업,,http://voronoi.io,김현태,2022-06-24,,
high,listed,제주반도체,080220,KOSDAQ,반도체 제조업,,http://www.jeju-semi.com,"박성식, 조형섭(각자대표)",2005-02-01,,
high,listed,테스,095610,KOSDAQ,특수 목적용 기계 제조업,,http://www.hites.co.kr,"이재호, 주재영 (각자 대표이사)",2008-05-20,,
high,listed,솔브레인,357780,KOSDAQ,기타 화학제품 제조업,,http://www.soulbrain.co.kr,박영수,2020-08-06,,
high,listed,두산테스나,131970,KOSDAQ,"그외 기타 전문, 과학 및 기술 서비스업",두산,http://www.tesna.co.kr,"김윤건, 조훈",2013-10-22,,
high,listed,성호전자,043260,KOSDAQ,전자부품 제조업,,http://www.sungho.net,박성재,2001-11-29,,
high,listed,피에스케이홀딩스,031980,KOSDAQ,특수 목적용 기계 제조업,,http://www.pskholding.com,박경수,1997-01-07,,
high,listed,하나마이크론,067310,KOSDAQ,반도체 제조업,하나금융,http://www.hanamicron.co.kr,이동철,2005-10-11,,
high,listed,티씨케이,064760,KOSDAQ,기타 비금속 광물제품 제조업,,http://www.tck.co.kr,"카나이 켄이치, 오창민(각자대표)",2003-08-18,,
high,listed,우리기술,032820,KOSDAQ,"전동기, 발전기 및 전기 변환 · 공급 · 제어 장치 제조업",우리금융,http://www.wooritg.com,노갑선,2000-06-22,,
high,listed,휴젤,145020,KOSDAQ,기초 의약물질 제조업,,http://www.hugel.co.kr,Doohyun Chang,2015-12-24,,
high,listed,동진쎄미켐,005290,KOSDAQ,기초 화학물질 제조업,,http://www.dongjin.com,이준혁,1999-12-21,,
high,listed,파마리서치,214450,KOSDAQ,의료용품 및 기타 의약 관련제품 제조업,,http://pharmaresearch.com/,손지훈,2015-07-24,,
high,listed,티에스이,131290,KOSDAQ,"측정, 시험, 항해, 제어 및 기타 정밀기기 제조업; 광학기기 제외",,http://www.tse21.com,"김철호, 김명진(각자 대표)",2011-01-05,,
high,listed,대한광통신,010170,KOSDAQ,절연선 및 케이블 제조업,,http://www.taihanfiber.com,"설윤석, 박민수(각자대표)",1994-11-07,,
high,listed,클래시스,214150,KOSDAQ,의료용 기기 제조업,,http://classys.co.kr,Choi Yoon-seok,2015-04-03,,
high,listed,고영,098460,KOSDAQ,특수 목적용 기계 제조업,,http://www.kohyoung.com,고광일,2008-06-03,Y,
high,listed,펄어비스,263750,KOSDAQ,소프트웨어 개발 및 공급업,,http://www.pearlabyss.com,허진영,2017-09-14,,
high,listed,에스티팜,237690,KOSDAQ,의약품 제조업,,http://www.stpharm.co.kr,Sung Moo-je,2016-06-23,,
high,listed,비에이치아이,083650,KOSDAQ,일반 목적용 기계 제조업,,http://www.bhi.co.kr,"이근흥, 조원래 (각자 대표이사)",2005-12-02,,
high,listed,테크윙,089030,KOSDAQ,특수 목적용 기계 제조업,,http://techwing.co.kr,"나윤성, 장 남 각자대표",2011-11-10,,
high,listed,브이엠,089970,KOSDAQ,특수 목적용 기계 제조업,,http://www.vmsemi.com,"최우형, 임종필 (각자 대표이사)",2018-08-23,,
high,listed,원익홀딩스,030530,KOSDAQ,기초 화학물질 제조업,,http://www.wonikholdings.kr,"조남성, 장성대 (각자대표이사)",1996-09-24,,
high,listed,파크시스템스,140860,KOSDAQ,"측정, 시험, 항해, 제어 및 기타 정밀기기 제조업; 광학기기 제외",,http://www.parkafm.co.kr,박상일,2015-12-17,,
high,listed,올릭스,226950,KOSDAQ,자연과학 및 공학 연구개발업,,http://www.olixpharma.com,이동기,2018-07-18,,
high,listed,실리콘투,257720,KOSDAQ,상품 종합 도매업,,http://www.siliconii.com,김성운,2021-09-29,,
high,listed,비츠로셀,082920,KOSDAQ,일차전지 및 이차전지 제조업,,http://www.vitzrocell.com,장승국,2009-10-28,,
high,listed,에스피지,058610,KOSDAQ,"전동기, 발전기 및 전기 변환 · 공급 · 제어 장치 제조업",,http://www.spg.co.kr,"이준호, 여영길(각자 대표이사)",2002-07-23,,
high,listed,엘앤씨바이오,290650,KOSDAQ,의약품 제조업,,http://www.lncbio.co.kr,"이환철, 이재호 (각자 대표이사)",2018-11-01,,
high,listed,네이처셀,007390,KOSDAQ,기초 의약물질 제조업,,http://www.naturecell.co.kr,라정찬,1992-11-30,,
high,listed,미래에셋벤처투자,100790,KOSDAQ,기타 금융업,미래에셋,http://venture.miraeasset.co.kr,김응석,2019-03-15,,
high,listed,RFHIC,218410,KOSDAQ,통신 및 방송 장비 제조업,,http://www.rfhic.com,조덕수,2015-06-30,,
high,listed,JYP Ent.,035900,KOSDAQ,오디오물 출판 및 원판 녹음업,,http://www.jype.com,정욱,2001-08-30,,
high,listed,메지온,140410,KOSDAQ,자연과학 및 공학 연구개발업,,,박동현,2012-01-20,,
high,listed,에스엠,041510,KOSDAQ,오디오물 출판 및 원판 녹음업,,http://smentertainment.com,"장철혁, 탁영준",2000-04-27,,
high,listed,셀트리온제약,068760,KOSDAQ,의약품 제조업,,http://www.celltrionph.com,유영호,2006-02-03,,
high,listed,스피어,347700,KOSDAQ,소프트웨어 개발 및 공급업,,http://spherecorp.kr/,최광수,2021-03-23,,
high,listed,대주전자재료,078600,KOSDAQ,전자부품 제조업,,http://www.daejoo.co.kr,"임일지,임중규(각자대표)",2004-12-10,,
high,listed,기가비스,420770,KOSDAQ,특수 목적용 기계 제조업,,http://www.gigavis.com,강해철,2023-05-24,,
high,listed,삼현,437730,KOSDAQ,자동차 신품 부품 제조업,,http://www.samhyun.co.kr,"황성호, 박기원",2024-03-21,,
high,listed,태성,323280,KOSDAQ,특수 목적용 기계 제조업,,http://www.taesung2000.com,김종학,2019-06-24,,
high,listed,LS마린솔루션,060370,KOSDAQ,전기 및 통신 공사업,LS,http://lsmarinesolution.co.kr,김병옥,2002-02-15,,
high,listed,에스에이엠티,031330,KOSDAQ,기계장비 및 관련 물품 도매업,,http://www.isamt.com,박두진,2000-05-23,,
high,listed,오스코텍,039200,KOSDAQ,의약품 제조업,,http://www.oscotec.com,"윤태영,이상현",2007-01-17,,
high,listed,씨젠,096530,KOSDAQ,의료용품 및 기타 의약 관련제품 제조업,,http://www.seegene.co.kr,"천종윤, 이대훈 각자대표이사",2010-09-10,,
high,listed,오름테라퓨틱,475830,KOSDAQ,기초 의약물질 제조업,,,이승주,2025-02-14,,
high,listed,하나머티리얼즈,166090,KOSDAQ,반도체 제조업,하나마이크론,http://hanamts.com,김현주,2017-04-28,Y,needs-review:벡터없음(★하나금융 아님)
high,listed,휴림로봇,090710,KOSDAQ,특수 목적용 기계 제조업,,http://www.dstrobot.com,김봉관,2006-12-05,,
high,listed,에스앤에스텍,101490,KOSDAQ,전자부품 제조업,,http://www.snstech.co.kr,정수홍,2009-04-14,,
high,listed,와이씨,232140,KOSDAQ,특수 목적용 기계 제조업,,http://yikcorp.com,"최명배, 장성진 (각자대표)",2015-12-24,,
high,listed,코미코,183300,KOSDAQ,특수 목적용 기계 제조업,,http://www.komico.com,최용하,2017-03-23,,
high,listed,쎄트렉아이,099320,KOSDAQ,"항공기,우주선 및 부품 제조업",,http://www.satreci.com,김이을,2008-06-13,,
high,listed,알지노믹스,476830,KOSDAQ,자연과학 및 공학 연구개발업,,http://www.rznomics.com/,이성욱,2025-12-18,,
high,listed,삼표시멘트,038500,KOSDAQ,기타 비금속 광물제품 제조업,,http://www.sampyocement.co.kr,"배동환, 이원진(각자대표)",2001-02-01,,
high,listed,에이치브이엠,295310,KOSDAQ,1차 비철금속 제조업,,http://hvm.co.kr/,문승호,2024-06-28,,
mid,listed,GST,083450,KOSDAQ,특수 목적용 기계 제조업,GS,http://www.gst-in.com,"석종욱, 문승보(각자대표)",2006-02-01,,
mid,listed,SFA반도체,036540,KOSDAQ,반도체 제조업,,http://www.sfasemicon.com,강문수,2001-05-02,,
mid,listed,큐리옥스바이오시스템즈,445680,KOSDAQ,의료용 기기 제조업,,http://curiox.co.kr/,김남용,2023-08-10,,
mid,listed,HK이노엔,195940,KOSDAQ,의약품 제조업,,http://www.inno-n.com,곽달원,2021-08-09,,
mid,listed,케이엠더블유,032500,KOSDAQ,통신 및 방송 장비 제조업,,http://www.kmw.co.kr,김덕용,2000-03-21,,
mid,listed,하림지주,003380,KOSDAQ,기타 금융업,,http://www.harimholdings.co.kr,김홍국,2017-06-30,,
mid,listed,씨엠티엑스,388210,KOSDAQ,전자부품 제조업,,http://cmtx.co.kr,"박성훈, 박종화 (각자)",2025-11-20,,
mid,listed,제이에스링크,127120,KOSDAQ,자연과학 및 공학 연구개발업,,http://www.dnalink.com,이준영,2011-12-26,,
mid,listed,신성델타테크,065350,KOSDAQ,가정용 기기 제조업,,http://www.ssdelta.co.kr,구본상·이동한(각자 대표이사),2004-08-06,,
mid,listed,인텔리안테크,189300,KOSDAQ,통신 및 방송 장비 제조업,,http://www.intelliantech.com,성상엽,2016-10-18,,
mid,listed,LS머트리얼즈,417200,KOSDAQ,전자부품 제조업,LS,,홍영호,2023-12-12,,
mid,listed,씨어스,458870,KOSDAQ,의료용 기기 제조업,,http://seerstech.com,이영신,2024-06-19,,
mid,listed,원익QnC,074600,KOSDAQ,유리 및 유리제품 제조업,,http://www.wonikqnc.com,백홍주,2003-12-12,,
mid,listed,차바이오텍,085660,KOSDAQ,기초 의약물질 제조업,,http://www.chabio.com,차원태,2005-12-27,,
mid,listed,로보스타,090360,KOSDAQ,특수 목적용 기계 제조업,,http://robostar.co.kr,배병주,2011-10-17,,
mid,listed,루닛,328130,KOSDAQ,소프트웨어 개발 및 공급업,,http://www.lunit.io,서범석,2022-07-21,Y,
mid,listed,레이크머티리얼즈,281740,KOSDAQ,기타 화학제품 제조업,,http://www.lake-led.com,김진동,2017-12-12,,
mid,listed,리브스메드,491000,KOSDAQ,의료용 기기 제조업,,http://www.livsmed.com,이정주,2025-12-24,,
mid,listed,아이티센글로벌,124500,KOSDAQ,"컴퓨터 프로그래밍, 시스템 통합 및 관리업",,http://www.itcen.co.kr,강진모,2014-12-23,,
mid,listed,아주IB투자,027360,KOSDAQ,기타 금융업,,http://www.ajuib.co.kr,김지원,2018-11-21,,
mid,listed-ext,롯데관광개발,032350,KOSPI,여행사 및 기타 여행보조 서비스업,롯데,http://lottetour.com,"김기병, 백현, 김한준",2006-06-08,,
mid,listed-ext,대웅제약,069620,KOSPI,의약품 제조업,,http://www.daewoong.co.kr,"이창재, 박성수",2002-11-01,,
mid,listed-ext,파라다이스,034230,KOSPI,유원지 및 기타 오락관련 서비스업,,http://www.paradise.co.kr/ko/main,"최종환, 임준신 (각자대표)",2024-06-24,,
mid,listed-ext,금호타이어,073240,KOSPI,고무제품 제조업,금호아시아나,http://www.kumhotire.co.kr,정일택,2005-02-17,,
mid,listed-ext,SNT다이내믹스,003570,KOSPI,자동차 신품 부품 제조업,,http://www.hisntd.com,박재석,1976-07-08,,
mid,listed-ext,해성디에스,195870,KOSPI,전자부품 제조업,,http://www.haesungds.com,최영식,2016-06-24,,
mid,listed-ext,삼화콘덴서,001820,KOSPI,전자부품 제조업,,http://www.samwha.com,"오영주, 박진",1976-06-26,,
mid,listed-ext,오뚜기,007310,KOSPI,기타 식품 제조업,,http://www.otoki.com,"함영준, 황성만",1994-08-12,,
mid,listed-ext,IPARK현대산업개발,294870,KOSPI,건물 건설업,,http://www.ipark-dvp.com,정경구,2018-06-12,,
mid,listed-ext,NHN,181710,KOSPI,소프트웨어 개발 및 공급업,,http://www.nhn.com,정우진,2013-08-29,,
mid,listed-ext,STX엔진,077970,KOSPI,일반 목적용 기계 제조업,,http://www.stxengine.co.kr,이상수,2004-05-10,,
mid,listed-ext,HDC,012630,KOSPI,기타 금융업,,http://www.hdc-holdings.com,"정몽규, 도기탁 (각자 대표이사)",1996-10-16,,
mid,listed-ext,한화투자증권,003530,KOSPI,금융 지원 서비스업,한화,http://www.koreastock.co.kr,장병호,1986-11-25,,
mid,listed-ext,교보증권,030610,KOSPI,금융 지원 서비스업,,http://www.iprovest.com,"박봉권, 이석기 (각자대표)",2002-07-18,,
mid,listed-ext,롯데정밀화학,004000,KOSPI,기초 화학물질 제조업,롯데,http://www.lottefinechem.com,정승원,1976-04-15,,
mid,listed-ext,동양생명,082640,KOSPI,보험업,,http://www.myangel.co.kr,성대규,2009-10-08,,
mid,listed-ext,KB발해인프라,415640,KOSPI,신탁업 및 집합투자업,KB금융,,법인이사 케이비자산운용(주),2024-11-29,,
mid,listed-ext,하이트진로,000080,KOSPI,알코올음료 제조업,,http://www.hitejinro.com,장인섭,2009-10-19,,
mid,listed-ext,DL,000210,KOSPI,기초 화학물질 제조업,DL,http://www.dlholdings.co.kr,김종현,1976-02-02,,
mid,listed-ext,롯데렌탈,089860,KOSPI,운송장비 임대업,롯데,http://www.lotterental.com/,최진환,2021-08-19,,
mid,listed-ext,한일시멘트,300720,KOSPI,"시멘트, 석회, 플라스터 및 그 제품 제조업",,http://www.hanilcement.com,"전근식, 오해근",2018-08-06,,
mid,listed-ext,태광산업,003240,KOSPI,화학섬유 제조업,,http://www.taekwang.co.kr,"이부의, 정인철(공동 대표이사)",1975-12-27,,
mid,listed-ext,대웅,003090,KOSPI,의약품 제조업,,http://www.daewoong.com/,윤재춘,1973-06-26,,
mid,listed-ext,롯데웰푸드,280360,KOSPI,기타 식품 제조업,롯데,http://www.lottewellfood.com,"신동빈, 서정호",2017-10-30,,
mid,listed-ext,경동나비엔,009450,KOSPI,가정용 기기 제조업,,http://www.kdnavien.co.kr,"손연호, 손흥락, 장희철",1993-08-31,,
mid,listed-ext,롯데칠성,005300,KOSPI,비알코올음료 및 얼음 제조업,롯데,http://company.lottechilsung.co.kr,박윤기,1973-06-21,,
mid,listed-ext,SK오션플랜트,100090,KOSPI,1차 철강 제조업,SK,http://www.skoceanplant.com/,강영규,2023-04-19,,
mid,listed-ext,종근당,185750,KOSPI,의약품 제조업,,http://www.ckdpharm.com,김영주,2013-12-06,,
mid,listed-ext,현대홈쇼핑,057050,KOSPI,무점포 소매업,,http://www.hmall.com,"정교선, 한광영(각자 대표이사)",2010-09-13,,
mid,listed-ext,유안타증권,003470,KOSPI,금융 지원 서비스업,,http://www.yuantakorea.com,뤄즈펑,1988-01-21,,
mid,listed-ext,GS피앤엘,499790,KOSPI,기타 금융업,GS,http://www.gspnl.com,박민수,2024-12-23,,
mid,listed-ext,OCI,456040,KOSPI,기초 화학물질 제조업,,,김유신,2023-05-30,,
mid,listed-ext,쿠쿠홀딩스,192400,KOSPI,기타 금융업,,http://www.cuckoo.co.kr,구본학,2014-08-06,,
mid,listed-ext,솔루엠,248070,KOSPI,전자부품 제조업,,http://www.solum-group.co.kr,전성호,2021-02-02,,
mid,listed-ext,비에이치,090460,KOSPI,전자부품 제조업,,http://www.bhe.co.kr,최영식,2023-06-20,,
mid,listed-ext,삼아알미늄,006110,KOSPI,1차 비철금속 제조업,,http://www.sama-al.com,"한남희, 김진범",1980-12-05,,
mid,listed-ext,HS효성첨단소재,298050,KOSPI,화학섬유 제조업,,http://www.hyosungadvancedmaterials.com,"임진달, 성낙양(각자 대표이사)",2018-07-13,,
mid,listed-ext,파미셀,005690,KOSPI,전자부품 제조업,,http://www.pharmicell.com,김현수,1988-05-20,,
low,listed-ext,영풍,000670,KOSPI,1차 비철금속 제조업,,http://www.ypzinc.co.kr,김기호,1976-06-12,,
low,listed-ext,에스디바이오센서,137310,KOSPI,의료용 기기 제조업,,http://sdbiosensor.co.kr/,이효근,2021-07-16,,
low,listed-ext,NICE평가정보,030190,KOSPI,기타 정보 서비스업,,,김종윤,2023-08-08,,
low,listed-ext,솔루스첨단소재,336370,KOSPI,전자부품 제조업,스카이레이크,http://www.solusadvancedmaterials.com,곽근만,2019-10-18,Y,수집:T0 CI AI
low,listed-ext,이노션,214320,KOSPI,광고업,,http://www.innocean.com,김정아,2015-07-17,,
low,listed-ext,SGC에너지,005090,KOSPI,전기업,,http://www.sgcenergy.co.kr,"이우성, 박준영, 이복영",1993-01-06,,
low,listed-ext,세진중공업,075580,KOSPI,선박 및 보트 건조업,,http://www.sejinheavy.com,"김진종, 윤지원 (각자대표)",2015-11-30,,
low,listed-ext,전진건설로봇,079900,KOSPI,특수 목적용 기계 제조업,,,"고현국, 이형환 (각자대표)",2024-08-19,,
low,listed-ext,SNT홀딩스,036530,KOSPI,기타 금융업,,http://www.hisntholdings.com,김도환,2002-10-22,,
low,listed-ext,지역난방공사,071320,KOSPI,"증기, 냉·온수 및 공기조절 공급업",,http://www.kdhc.co.kr,하동근,2010-01-29,,
low,listed-ext,대원전선,006340,KOSPI,절연선 및 케이블 제조업,,http://www.daewoncable.co.kr,서명환,1988-05-04,,
low,listed-ext,엠앤씨솔루션,484870,KOSPI,특수 목적용 기계 제조업,,http://www.mncsolution.com,김병근,2024-12-16,,
low,listed-ext,LX세미콘,108320,KOSPI,반도체 제조업,,http://www.lxsemicon.com,이윤태,2022-11-03,,
low,listed-ext,대한유화,006650,KOSPI,기초 화학물질 제조업,,http://www.kpic.co.kr,강길순,1999-08-11,,
low,listed-ext,SK디스커버리,006120,KOSPI,기타 금융업,SK,http://www.skdiscovery.com,"최창원, 손현호",1976-06-29,,
low,listed-ext,디아이,003160,KOSPI,"측정, 시험, 항해, 제어 및 기타 정밀기기 제조업; 광학기기 제외",,http://www.di.co.kr,"박원호
조윤형",1996-07-31,,
low,listed-ext,SNT모티브,064960,KOSPI,자동차 신품 부품 제조업,,http://www.sntdaewoo.com,권형순,2002-03-11,,
low,listed-ext,한샘,009240,KOSPI,생활용품 도매업,,http://company.hanssem.com,김유진(대표집행임원),2002-07-16,,
low,listed-ext,아이에스동서,010780,KOSPI,"시멘트, 석회, 플라스터 및 그 제품 제조업",,http://www.isdongseo.co.kr,"배기문, 남병옥",1986-01-27,,
low,listed-ext,SK증권,001510,KOSPI,금융 지원 서비스업,SK,http://www.sks.co.kr,"전우종, 정준호",1986-09-20,,
low,listed-ext,SK케미칼,285130,KOSPI,합성고무 및 플라스틱 물질 제조업,SK,http://www.skchemicals.com,안재현,2018-01-05,,
low,listed-ext,한화손해보험,000370,KOSPI,보험업,한화,http://www.hwgeneralins.com/,나채범,1975-06-30,,
low,listed-ext,자화전자,033240,KOSPI,전자부품 제조업,,http://www.jahwa.co.kr,"김상면, 김찬용(각자대표)",1999-01-06,,
low,listed-ext,GKL,114090,KOSPI,유원지 및 기타 오락관련 서비스업,,http://www.grandkorea.com,윤두현,2009-11-19,,
low,listed-ext,보령,003850,KOSPI,의약품 제조업,,http://www.boryung.co.kr,김정균,1988-10-24,,
low,listed-ext,CJ CGV,079160,KOSPI,"영화, 비디오물, 방송프로그램 제작 및 배급업",CJ,http://www.cgv.co.kr,정종민,2004-12-24,,
low,listed-ext,세방전지,004490,KOSPI,일차전지 및 이차전지 제조업,,http://www.gbattery.com,대표이사 박정희,1987-11-28,,
low,listed-ext,한국단자,025540,KOSPI,"전동기, 발전기 및 전기 변환 · 공급 · 제어 장치 제조업",,http://www.ket.com,"이창원,이원준",1996-10-16,,
low,listed-ext,넥센타이어,002350,KOSPI,고무제품 제조업,,http://www.nexentire.com,"대표이사 부회장 강호찬
대표이사 사  장 김현석",1976-05-19,,
low,listed-ext,PI첨단소재,178920,KOSPI,플라스틱제품 제조업,,http://www.pimaterials.com,송금수,2021-08-09,,
low,listed-ext,SNT에너지,100840,KOSPI,일반 목적용 기계 제조업,SNT,http://www.hisnt.com,신경인,2008-02-22,Y,SNT그룹 계열(구 S&TC)
low,listed-ext,LF,093050,KOSPI,봉제의복 제조업,,http://www.lfcorp.com,"오규식, 김상균 (각자 대표이사)",2006-12-01,,
low,listed-ext,한국쉘석유,002960,KOSPI,석유 정제품 제조업,,http://www.shell.co.kr,이승봉,1988-08-10,,
low,listed-ext,코오롱,002020,KOSPI,기타 금융업,코오롱,http://www.kolon.com,"안병덕, 이규호",1975-06-23,,
low,listed-ext,대한해운,005880,KOSPI,해상 운송업,,http://www.korealines.co.kr,이동수,1992-04-23,,
low,listed-ext,F&F홀딩스,007700,KOSPI,기타 금융업,,http://www.fnfholdings.com,박의헌,1984-10-04,,
low,listed-ext,KG모빌리티,003620,KOSPI,자동차용 엔진 및 자동차 제조업,,http://www.kg-mobility.com,"곽재선, 황기영 (각자대표이사)",1975-05-29,,
low,listed-ext,대상,001680,KOSPI,기타 식품 제조업,,http://www.daesang.co.kr,임정배,1970-04-01,,
low,listed-ext,부국증권,001270,KOSPI,금융 지원 서비스업,,http://www.bookook.co.kr,박현철,1988-07-19,,
low,listed-ext,TKG휴켐스,069260,KOSPI,기타 화학제품 제조업,,http://tkg.huchems.com,김우찬,2002-10-07,,
mid,listed-ext,솔브레인홀딩스,036830,KOSDAQ,회사 본부 및 경영 컨설팅 서비스업,,http://www.soulbrainholdings.co.kr,"정현석, 정문주 (공동 대표이사)",2000-01-18,,
mid,listed-ext,필옵틱스,161580,KOSDAQ,특수 목적용 기계 제조업,,http://www.philoptics.com/,한기수,2017-06-01,,
mid,listed-ext,피엔티,137400,KOSDAQ,특수 목적용 기계 제조업,,http://www.epnt.co.kr,김준섭,2012-07-06,,
mid,listed-ext,티엘비,356860,KOSDAQ,전자부품 제조업,,http://www.tlbpcb.com,백성현,2020-12-14,,
mid,listed-ext,유일로보틱스,388720,KOSDAQ,특수 목적용 기계 제조업,,http://www.yuilrobotics.com,김동헌,2022-03-18,,
mid,listed-ext,샘씨엔에스,252990,KOSDAQ,전자부품 제조업,,http://www.semcns.com,최유진,2021-05-20,,
mid,listed-ext,세미파이브,490470,KOSDAQ,"건축기술, 엔지니어링 및 관련 기술 서비스업",,http://semifive.com,조명현,2025-12-29,,
mid,listed-ext,에이프릴바이오,397030,KOSDAQ,자연과학 및 공학 연구개발업,,http://www.aprilbio.com/,차상훈,2022-07-28,,
mid,listed-ext,에스에프에이,056190,KOSDAQ,특수 목적용 기계 제조업,,http://www.sfa.co.kr,김상경,2001-12-18,,
mid,listed-ext,큐리언트,115180,KOSDAQ,자연과학 및 공학 연구개발업,,http://www.qurient.com,남기연,2016-02-29,,
mid,listed-ext,제이앤티씨,204270,KOSDAQ,전자부품 제조업,,,"조남혁, 장윤정(각자 대표이사)",2020-03-04,,
mid,listed-ext,클로봇,466100,KOSDAQ,소프트웨어 개발 및 공급업,,http://clobot.co.kr,김창구,2024-10-28,,
mid,listed-ext,덕산네오룩스,213420,KOSDAQ,전자부품 제조업,,http://www.dsneolux.co.kr,"이수훈, 이범성(각자대표이사)",2015-02-06,,
mid,listed-ext,동국제약,086450,KOSDAQ,의약품 제조업,,http://www.dkpharm.co.kr,송준호,2007-05-29,,
mid,listed-ext,현대바이오,048410,KOSDAQ,기타 화학제품 제조업,,http://www.hyundaibioscience.com,진근우,2002-08-08,,
mid,listed-ext,와이지엔터테인먼트,122870,KOSDAQ,오디오물 출판 및 원판 녹음업,,http://www.ygfamily.com,양민석 (단독대표이사),2011-11-23,,
mid,listed-ext,하이젠알앤엠,160190,KOSDAQ,"전동기, 발전기 및 전기 변환 · 공급 · 제어 장치 제조업",,http://higenrnm.com,김재학,2024-06-27,,
mid,listed-ext,CJ ENM,035760,KOSDAQ,텔레비전 방송업,CJ,http://www.cjmall.com,윤상현,1999-11-23,,
mid,listed-ext,로킷헬스케어,376900,KOSDAQ,의료용품 및 기타 의약 관련제품 제조업,,http://rokithealthcare.com,유석환,2025-05-12,,
mid,listed-ext,씨아이에스,222080,KOSDAQ,특수 목적용 기계 제조업,,http://www.cisro.co.kr,김동진,2015-09-02,,
mid,listed-ext,제룡전기,033100,KOSDAQ,"전동기, 발전기 및 전기 변환 · 공급 · 제어 장치 제조업",,http://www.cheryong.co.kr,박종태,1997-08-18,,
mid,listed-ext,프로텍,053610,KOSDAQ,특수 목적용 기계 제조업,,http://www.protec21.co.kr,최승환,2001-08-17,,
mid,listed-ext,카카오게임즈,293490,KOSDAQ,소프트웨어 개발 및 공급업,카카오,http://kakaogames.com,Sang Woo Han,2020-09-10,,
mid,listed-ext,성광벤드,014620,KOSDAQ,1차 철강 제조업,,http://www.skbend.com,안 재 일,2001-01-11,,
mid,listed-ext,선익시스템,171090,KOSDAQ,특수 목적용 기계 제조업,,http://www.sunic.co.kr,"박재규, 김혜동 (각자 대표이사)",2017-09-20,,
mid,listed-ext,쏠리드,050890,KOSDAQ,통신 및 방송 장비 제조업,,http://www.solid.co.kr,"정준, 이승희 (각자대표이사)",2005-07-08,Y,needs-review:벡터없음(JPG)
mid,listed-ext,동운아나텍,094170,KOSDAQ,반도체 제조업,,http://www.dwanatech.com,김동철,2015-06-30,Y,
mid,listed-ext,서울반도체,046890,KOSDAQ,반도체 제조업,,http://www.seoulsemicon.com,"이정훈, 김홍민",2002-01-17,,
mid,listed-ext,엔켐,348370,KOSDAQ,기초 화학물질 제조업,,http://www.enchem.net,오정강,2021-11-01,,
mid,listed-ext,태광,023160,KOSDAQ,1차 철강 제조업,,http://www.tkbend.co.kr,"윤원식, 윤준식",1994-09-07,,
mid,listed-ext,지아이이노베이션,358570,KOSDAQ,자연과학 및 공학 연구개발업,,http://www.gi-innovation.com/kr/,"장명호, 홍준호(각자대표이사)",2023-03-30,,
mid,listed-ext,피노,033790,KOSDAQ,일차전지 및 이차전지 제조업,,http://www.finoes.co.kr,주종완,2001-06-26,,
mid,listed-ext,비나텍,126340,KOSDAQ,일차전지 및 이차전지 제조업,,http://www.vina.co.kr,성도경,2020-09-23,Y,수집:T1 로고 SVG
mid,listed-ext,스튜디오드래곤,253450,KOSDAQ,"영화, 비디오물, 방송프로그램 제작 및 배급업",,http://www.studiodragon.net,Jang Kyung-ik,2017-11-24,,
mid,listed-ext,지투지바이오,456160,KOSDAQ,의약품 제조업,,,이희용,2025-08-14,,
mid,listed-ext,네패스,033640,KOSDAQ,반도체 제조업,,http://www.nepes.co.kr,"이병구, 이창우(각자 대표이사)",1999-12-14,,
mid,listed-ext,다우데이타,032190,KOSDAQ,기계장비 및 관련 물품 도매업,,http://www.daoudata.co.kr,김상준,1999-12-21,,
mid,listed-ext,에스티큐브,052020,KOSDAQ,기계장비 및 관련 물품 도매업,,http://www.stcube.com,정현진,2001-07-05,,
mid,listed-ext,이엔에프테크놀로지,102710,KOSDAQ,기타 화학제품 제조업,,http://www.enftech.com/,"지용석, 김경미, 박기수(각자대표)",2009-05-28,,
mid,listed-ext,코스메카코리아,241710,KOSDAQ,기타 화학제품 제조업,,http://www.cosmecca.com,"조임래, 박은희(각자대표)",2016-10-28,,
private,private,두나무,,비상장,핀테크/크립토,,https://www.dunamu.com,,,,빗썸 경쟁 업비트 운영
private,private,빗썸코리아,,비상장,크립토,,https://www.bithumb.com,,,,
private,private,카카오모빌리티,,비상장,모빌리티,카카오,https://www.kakaomobility.com,,,,카카오 계열 비상장
private,private,비바리퍼블리카,,비상장,핀테크,,https://toss.im,,,Y,토스-기수집(중복확인)
private,private,쿠팡,,비상장,이커머스,,https://www.coupang.com,,,,Coupang Inc 美상장(NYSE)·한국 인지도 최상
private,private,우아한형제들,,비상장,배달플랫폼,,https://www.woowahan.com,,,,배달의민족
private,private,직방,,비상장,프롭테크,,https://www.zigbang.com,,,,
private,private,버킷플레이스,,비상장,인테리어커머스,,https://www.bucketplace.com,,,Y,"서비스=오늘의집(중복 통합), 사업자 119-86-91245"
private,private,여기어때컴퍼니,,비상장,여행플랫폼,,https://www.gccompany.co.kr,,,,
private,private,컬리,,비상장,이커머스,,https://www.kurly.com,,,Y,마켓컬리-기수집(중복확인)
private,private,카카오스타일,,비상장,패션커머스,카카오,https://www.kakaostyle.com,,,,지그재그
private,private,에이블리코퍼레이션,,비상장,패션커머스,,https://www.a-bly.com,,,,
private,private,브랜디,,비상장,패션커머스,,https://www.brandi.co.kr,,,,
private,private,발란,,비상장,명품커머스,,https://www.balaan.co.kr,,,Y,★폐업/파산 선고 2026-02-24(deferred)
private,private,트렌비,,비상장,명품커머스,,https://www.trenbi.com,,,,
private,private,머스트잇,,비상장,명품커머스,,https://mustit.co.kr,,,,
private,private,29CM,,비상장,패션커머스,,https://www.29cm.co.kr,,,,무신사 계열
private,private,리디,,비상장,콘텐츠,,https://ridi.com,,,,리디북스
private,private,왓챠,,비상장,OTT,,https://watcha.com,,,,
private,private,패스트캠퍼스,,비상장,에듀테크,,https://www.fastcampus.co.kr,,,,데이원컴퍼니 계열
private,private,클래스101,,비상장,에듀테크,,https://class101.net,,,,
private,private,야나두,,비상장,에듀테크,,https://www.yanadoo.co.kr,,,,
private,private,스푼라디오,,비상장,오디오,,https://www.spooncast.net,,,,마이쿤
private,private,뤼튼테크놀로지스,,비상장,AI,,https://wrtn.ai,,,,생성형 AI 서비스(뤼튼)
private,private,업스테이지,,비상장,AI,,https://www.upstage.ai,,,,
private,private,스캐터랩,,비상장,AI,,https://scatterlab.co.kr,,,,이루다/제타
private,private,매스프레소,,비상장,에듀AI,,https://mathpresso.com,,,,콴다(QANDA)
private,private,라이너,,비상장,AI,,https://getliner.com,,,,
private,private,트웰브랩스,,비상장,AI,,https://www.twelvelabs.io,,,,영상이해 AI
private,private,딥브레인AI,,비상장,AI,,https://www.deepbrain.io,,,,
private,private,포티투마루,,비상장,AI,,https://42maru.ai,,,,
private,private,뉴럴웍스랩,,비상장,AI,,https://www.neuralworks.io,,,,
private,private,올거나이즈,,비상장,AI,,https://www.allganize.ai,,,,
private,private,카카오엔터프라이즈,,비상장,클라우드/AI,카카오,https://kakaoenterprise.com,,,,
private,private,페리지에어로스페이스,,비상장,우주,,https://www.perigee.space,,,,
private,private,이노스페이스,,비상장,우주,,https://www.innospc.com,,,,상장여부 확인필요
private,private,베어로보틱스,,비상장,로봇,,https://www.bearrobotics.ai,,,,
private,private,플리토,,비상장,번역AI,,https://www.flitto.com,,,,상장사일수있음(확인)
private,private,지놈앤컴퍼니,,비상장,바이오,,https://genomecom.co.kr,,,,상장확인
private,private,뷰노,,비상장,의료AI,,https://www.vuno.co,,,,기수집(중복확인)
private,private,오비맥주,,비상장,주류,,https://www.ob.co.kr,,,,카스·비상장
private,private,동서식품,,비상장,식품,,https://www.dongsuh.co.kr,,,,맥심·비상장
private,private,아성다이소,,비상장,유통,,https://www.daiso.co.kr,,,,다이소·비상장
private,private,이케아코리아,,비상장,유통,,https://www.ikea.com/kr,,,,비상장
private,private,스타벅스코리아,,비상장,외식,,https://www.starbucks.co.kr,,,,에스씨케이컴퍼니·신세계
private,private,교촌에프앤비,,비상장,외식,,https://www.kyochon.com,,,,상장(확인)
private,private,비에이치씨,,비상장,외식,,https://www.bhc.co.kr,,,,bhc치킨·비상장
private,private,제너시스BBQ,,비상장,외식,제너시스,https://www.bbq.co.kr,,,Y,수집:T1 bb.q SVG
private,private,메가엠지씨커피,,비상장,외식,,https://www.mega-mgccoffee.com,,,,메가커피·비상장
private,private,이디야,,비상장,외식,,https://www.ediya.com,,,,비상장
private,private,폴바셋,,비상장,외식,,https://www.paulbassett.co.kr,,,,매일유업 계열
private,private,CJ올리브영,,비상장,H&B유통,CJ,https://www.oliveyoung.co.kr,,,,CJ·비상장
private,private,무신사,,비상장,패션커머스,,https://www.musinsa.com,,,Y,기수집(중복확인)
private,private,삼성디스플레이,,비상장,디스플레이,삼성,https://www.samsungdisplay.com,,,,삼성·비상장
private,private,HD현대오일뱅크,,비상장,정유,HD현대,https://www.hdoilbank.com,,,,HD현대·비상장
private,private,삼성웰스토리,,비상장,급식,삼성,https://www.samsungwelstory.com,,,,삼성·비상장
private,private,롯데글로벌로지스,,비상장,물류,롯데,https://www.lotteglogis.com,,,,롯데
private,private,호텔롯데,,비상장,호텔/면세,,https://www.hotellotte.co.kr,,,,롯데·비상장
private,private,한국GM,,비상장,완성차,,https://www.gm-korea.co.kr,,,,GM 한국사업장
private,private,르노코리아,,비상장,완성차,,https://www.renaultkorea.com,,,,비상장
private,private,쿠팡풀필먼트서비스,,비상장,물류,,https://www.coupang.jobs,,,,쿠팡 계열
private,private,네이버클라우드,,비상장,클라우드,네이버,https://www.ncloud.com,,,,네이버 계열
private,private,메가존클라우드,,비상장,클라우드,,https://www.megazone.com,,,,
private,private,베스핀글로벌,,비상장,클라우드,,https://www.bespinglobal.com,,,,
private,private,스마일게이트,,비상장,게임,,https://www.smilegate.com,,,,크로스파이어/로스트아크·비상장
private,private,라이엇게임즈코리아,,비상장,게임,,https://www.riotgames.com,,,,해외본사
private,private,당근,,비상장,로컬커뮤니티,,https://www.daangn.com,,,Y,기수집(중복확인)
private,private,야놀자,,비상장,여행플랫폼,,https://www.yanolja.com,,,Y,기수집(중복확인)
private,private,리멤버앤컴퍼니,,비상장,HR/명함,,https://rememberapp.co.kr,,,,
private,private,원티드랩,,비상장,HR,,https://www.wanted.co.kr,,,,상장(376980)일수있음
private,private,드라마앤컴퍼니,,비상장,HR,,https://dramancompany.com,,,,리멤버 운영사(중복주의)
private,private,당근페이,,비상장,핀테크,,https://www.daangnpay.com,,,,당근 계열
private,private,토스플레이스,,비상장,핀테크,,https://www.tossplace.com,,,,토스 계열
private,private,센드버드,,비상장,B2B SaaS,,https://sendbird.com,,,,美 본사
private,private,몰로코,,비상장,애드테크,,https://www.moloco.com,,,,美 본사
private,private,뱅크샐러드,,비상장,핀테크,,https://banksalad.com,,,,레이니스트
private,private,핀다,,비상장,핀테크,,https://finda.co.kr,,,,
private,private,뮤직카우,,비상장,핀테크,,https://www.musicow.com,,,,저작권 조각투자
low,listed-ext,대덕,008060,KOSPI,기타 금융업,,http://www.daeduckholdings.com,김영재,1989-01-26,,
low,listed-ext,동원시스템즈,014820,KOSPI,플라스틱제품 제조업,,http://dongwonsystems.com/,"조점근, 정용욱, 신동만, 윤성노",1994-03-29,,
low,listed-ext,빙그레,005180,KOSPI,동·식물성 유지 및 낙농제품 제조업,,http://www.bing.co.kr,김광수,1978-08-31,,
low,listed-ext,금양,001570,KOSPI,기초 화학물질 제조업,,http://www.kyc.co.kr,류광지,1976-12-17,,
private,private,11번가,,비상장,이커머스,SK,https://www.11st.co.kr,,,,SK스퀘어 계열·비상장
private,private,지마켓,,비상장,이커머스,신세계,https://www.gmarket.co.kr,,,,구 이베이코리아·신세계(이마트) 계열·비상장
